product_title,handle,status,product_type,collections,tags,variant_title,option_name,option_value,sku,price,compare_at_price,unit_cost,inventory_qty
Black & Gold Hockey Jersey (14),hockey-jersey,DRAFT,Needlepoint Canvas,Boston|Canvases,,No,Add kit +$15 (Threads/Needles),No,,45.00,,,-5
Black & Gold Hockey Jersey (14),hockey-jersey,DRAFT,Needlepoint Canvas,Boston|Canvases,,Yes,Add kit +$15 (Threads/Needles),Yes,,60.00,,,-5
Green Shamrock Hoodie (14),green-shamrock-hoodie,DRAFT,Needlepoint Canvas,Boston|Canvases|St. Paddy's Day,Boston,No,Add kit +$15 (Threads/Needles),No,,45.00,,,-10
Green Shamrock Hoodie (14),green-shamrock-hoodie,DRAFT,Needlepoint Canvas,Boston|Canvases|St. Paddy's Day,Boston,Yes,Add kit +$15 (Threads/Needles),Yes,,60.00,,,-26
Comm Ave Street Sign (14),comm-ave-street-sign,DRAFT,Needlepoint Canvas,Boston|Canvases,Boston,No,Add kit +$15 (Threads/Needles),No,,45.00,,,-2
Comm Ave Street Sign (14),comm-ave-street-sign,DRAFT,Needlepoint Canvas,Boston|Canvases,Boston,Yes,Add kit +$15 (Threads/Needles),Yes,,60.00,,,-12
Newbury Street Sign (14),newbury-street-sign,DRAFT,Needlepoint Canvas,Boston|Canvases,Boston|Street Signs,No,Add kit +$15 (Threads/Needles),No,,45.00,,,-8
Newbury Street Sign (14),newbury-street-sign,DRAFT,Needlepoint Canvas,Boston|Canvases,Boston|Street Signs,Yes,Add kit +$15 (Threads/Needles),Yes,,60.00,,,-13
Patriot Pl Street Sign (14),patriot-pl-street-sign,DRAFT,Needlepoint Canvas,Boston|New England Sports|Canvases,Boston,No,Add kit +$15 (Threads/Needles),No,,45.00,,,-13
Patriot Pl Street Sign (14),patriot-pl-street-sign,DRAFT,Needlepoint Canvas,Boston|New England Sports|Canvases,Boston,Yes,Add kit +$15 (Threads/Needles),Yes,,60.00,,,-34
Boston Marathon Bib (14),boston-marathon-bib,DRAFT,Needlepoint Canvas,Boston|Canvases,Boston,No,Add kit +$15 (Threads/Needles),No,,45.00,,,-12
Boston Marathon Bib (14),boston-marathon-bib,DRAFT,Needlepoint Canvas,Boston|Canvases,Boston,Yes,Add kit +$15 (Threads/Needles),Yes,,60.00,,,-42
Anchor (14),anchor,DRAFT,Needlepoint Canvas,Nautical|Canvases,,No,Add kit +$15 (Threads/Needles),No,,45.00,,,-9
Anchor (14),anchor,DRAFT,Needlepoint Canvas,Nautical|Canvases,,Yes,Add kit +$15 (Threads/Needles),Yes,,60.00,,,-50
Lighthouse (14),lighthouse,DRAFT,Needlepoint Canvas,Nautical|Canvases,,No,Add kit +$15 (Threads/Needles),No,,50.00,,,-10
Lighthouse (14),lighthouse,DRAFT,Needlepoint Canvas,Nautical|Canvases,,Yes,Add kit +$15 (Threads/Needles),Yes,,65.00,,,-12
Lobster (14),lobster,DRAFT,Needlepoint Canvas,Nautical|Canvases,,No,Add kit +$15 (Threads/Needles),No,,50.00,,,-8
Lobster (14),lobster,DRAFT,Needlepoint Canvas,Nautical|Canvases,,Yes,Add kit +$15 (Threads/Needles),Yes,,65.00,,,-42
Seashell (14),seashell,DRAFT,Needlepoint Canvas,Nautical|Canvases,,No,Add kit +$15 (Threads/Needles),No,,45.00,,,-9
Seashell (14),seashell,DRAFT,Needlepoint Canvas,Nautical|Canvases,,Yes,Add kit +$15 (Threads/Needles),Yes,,60.00,,,-13
Buoy (14),buoy,DRAFT,Needlepoint Canvas,Nautical|Canvases,,No,Add kit +$15 (Threads/Needles),No,,45.00,,,-1
Buoy (14),buoy,DRAFT,Needlepoint Canvas,Nautical|Canvases,,Yes,Add kit +$15 (Threads/Needles),Yes,,60.00,,,-1
Martini (14),martini,DRAFT,Needlepoint Canvas,Cocktails|Canvases,,No,Add kit +$15 (Threads/Needles),No,,45.00,,,-10
Martini (14),martini,DRAFT,Needlepoint Canvas,Cocktails|Canvases,,Yes,Add kit +$15 (Threads/Needles),Yes,,60.00,,,-27
Espresso Martini (14),espresso-martini,DRAFT,Needlepoint Canvas,Cocktails|Canvases,,No,Add kit +$15 (Threads/Needles),No,,45.00,,,-17
Espresso Martini (14),espresso-martini,DRAFT,Needlepoint Canvas,Cocktails|Canvases,,Yes,Add kit +$15 (Threads/Needles),Yes,,60.00,,,-20
Aperol Spritz (14),aperol-spritz,DRAFT,Needlepoint Canvas,Cocktails|Canvases,,No,Add kit +$15 (Threads/Needles),No,,45.00,,,-37
Aperol Spritz (14),aperol-spritz,DRAFT,Needlepoint Canvas,Cocktails|Canvases,,Yes,Add kit +$15 (Threads/Needles),Yes,,60.00,,,-118
Cosmopolitan (14),cosmopolitan,DRAFT,Needlepoint Canvas,Cocktails|Canvases,,No,Add kit +$15 (Threads/Needles),No,,45.00,,,-11
Cosmopolitan (14),cosmopolitan,DRAFT,Needlepoint Canvas,Cocktails|Canvases,,Yes,Add kit +$15 (Threads/Needles),Yes,,60.00,,,-37
Heart Matchbox (14),heart-matchbox,DRAFT,Needlepoint Canvas,Galentine's Day|Canvases,,No,Add kit +$10 (Threads/Needles),No,,40.00,,,-6
Heart Matchbox (14),heart-matchbox,DRAFT,Needlepoint Canvas,Galentine's Day|Canvases,,Yes,Add kit +$10 (Threads/Needles),Yes,,50.00,,,-28
Pats Matchbox (14),patriots-matchbox,DRAFT,Needlepoint Canvas,New England Sports|Canvases,,No,Add kit +$10 (Threads/Needles),No,,40.00,,,-3
Pats Matchbox (14),patriots-matchbox,DRAFT,Needlepoint Canvas,New England Sports|Canvases,,Yes,Add kit +$10 (Threads/Needles),Yes,,50.00,,,-10
Pats Beanie (14),pats-beanie,DRAFT,Needlepoint Canvas,New England Sports|Canvases,,No,Add kit +$10 (Threads/Needles),No,,40.00,,,-1
Pats Beanie (14),pats-beanie,DRAFT,Needlepoint Canvas,New England Sports|Canvases,,Yes,Add kit +$10 (Threads/Needles),Yes,,50.00,,,-1
New England vs Everyone (14),new-england-vs-everyone,DRAFT,Needlepoint Canvas,New England Sports|Canvases,,No,Add kit +$15 (Threads/Needles),No,,45.00,,,-17
New England vs Everyone (14),new-england-vs-everyone,DRAFT,Needlepoint Canvas,New England Sports|Canvases,,Yes,Add kit +$15 (Threads/Needles),Yes,,60.00,,,-59
Pats #10 Jersey (14),pats-10-jersey,DRAFT,Needlepoint Canvas,New England Sports|Canvases,,No,Add kit +$15 (Threads/Needles),No,,45.00,,,-5
Pats #10 Jersey (14),pats-10-jersey,DRAFT,Needlepoint Canvas,New England Sports|Canvases,,Yes,Add kit +$15 (Threads/Needles),Yes,,60.00,,,-14
Pats #00 Jersey (14),pats-00-jersey,DRAFT,Needlepoint Canvas,New England Sports|Canvases,,No,Add kit +$15 (Threads/Needles),No,,45.00,,,0
Pats #00 Jersey (14),pats-00-jersey,DRAFT,Needlepoint Canvas,New England Sports|Canvases,,Yes,Add kit +$15 (Threads/Needles),Yes,,60.00,,,-1
Pink Espresso Martini (14),pink-espresso-martini,DRAFT,Needlepoint Canvas,Cocktails|Galentine's Day|Canvases,,No,Add kit +$15 (Threads/Needles),No,,45.00,,,0
Pink Espresso Martini (14),pink-espresso-martini,DRAFT,Needlepoint Canvas,Cocktails|Galentine's Day|Canvases,,Yes,Add kit +$15 (Threads/Needles),Yes,,60.00,,,-4
"""Ur Hot"" Heart (14)",ur-hot-heart,DRAFT,Needlepoint Canvas,Galentine's Day|Canvases,,No,Add kit +$15 (Threads/Needles),No,,45.00,,,0
"""Ur Hot"" Heart (14)",ur-hot-heart,DRAFT,Needlepoint Canvas,Galentine's Day|Canvases,,Yes,Add kit +$15 (Threads/Needles),Yes,,60.00,,,-1
"""Ur Cute"" Heart (14)",ur-cute-heart,DRAFT,Needlepoint Canvas,Galentine's Day|Canvases,,No,Add kit +$15 (Threads/Needles),No,,45.00,,,-2
"""Ur Cute"" Heart (14)",ur-cute-heart,DRAFT,Needlepoint Canvas,Galentine's Day|Canvases,,Yes,Add kit +$15 (Threads/Needles),Yes,,60.00,,,-2
DMC Size 5 Pearl Cotton Thread,dmc-size-5-pearl-cotton-thread,ACTIVE,Needlepoint Thread,,DMC|embroidery|needlepoint|pearl cotton|thread,BLANC,Color,BLANC,BLANC,3.00,,,0
DMC Size 5 Pearl Cotton Thread,dmc-size-5-pearl-cotton-thread,ACTIVE,Needlepoint Thread,,DMC|embroidery|needlepoint|pearl cotton|thread,01,Color,01,ECRU,3.00,,,2
DMC Size 5 Pearl Cotton Thread,dmc-size-5-pearl-cotton-thread,ACTIVE,Needlepoint Thread,,DMC|embroidery|needlepoint|pearl cotton|thread,3688,Color,3688,B5200,3.00,,,3
DMC Size 5 Pearl Cotton Thread,dmc-size-5-pearl-cotton-thread,ACTIVE,Needlepoint Thread,,DMC|embroidery|needlepoint|pearl cotton|thread,209,Color,209,01,3.00,,,5
DMC Size 5 Pearl Cotton Thread,dmc-size-5-pearl-cotton-thread,ACTIVE,Needlepoint Thread,,DMC|embroidery|needlepoint|pearl cotton|thread,33,Color,33,03,3.00,,,5
DMC Size 5 Pearl Cotton Thread,dmc-size-5-pearl-cotton-thread,ACTIVE,Needlepoint Thread,,DMC|embroidery|needlepoint|pearl cotton|thread,815,Color,815,30,3.00,,,5
DMC Size 5 Pearl Cotton Thread,dmc-size-5-pearl-cotton-thread,ACTIVE,Needlepoint Thread,,DMC|embroidery|needlepoint|pearl cotton|thread,817,Color,817,32,3.00,,,4
DMC Size 5 Pearl Cotton Thread,dmc-size-5-pearl-cotton-thread,ACTIVE,Needlepoint Thread,,DMC|embroidery|needlepoint|pearl cotton|thread,741,Color,741,33,3.00,,,5
DMC Size 5 Pearl Cotton Thread,dmc-size-5-pearl-cotton-thread,ACTIVE,Needlepoint Thread,,DMC|embroidery|needlepoint|pearl cotton|thread,834,Color,834,34,3.00,,,6
DMC Size 5 Pearl Cotton Thread,dmc-size-5-pearl-cotton-thread,ACTIVE,Needlepoint Thread,,DMC|embroidery|needlepoint|pearl cotton|thread,987,Color,987,209,3.00,,,6
DMC Size 5 Pearl Cotton Thread,dmc-size-5-pearl-cotton-thread,ACTIVE,Needlepoint Thread,,DMC|embroidery|needlepoint|pearl cotton|thread,504,Color,504,210,3.00,,,4
DMC Size 5 Pearl Cotton Thread,dmc-size-5-pearl-cotton-thread,ACTIVE,Needlepoint Thread,,DMC|embroidery|needlepoint|pearl cotton|thread,3325,Color,3325,211,3.00,,,6
DMC Size 5 Pearl Cotton Thread,dmc-size-5-pearl-cotton-thread,ACTIVE,Needlepoint Thread,,DMC|embroidery|needlepoint|pearl cotton|thread,824,Color,824,221,3.00,,,6
DMC Size 5 Pearl Cotton Thread,dmc-size-5-pearl-cotton-thread,ACTIVE,Needlepoint Thread,,DMC|embroidery|needlepoint|pearl cotton|thread,823,Color,823,223,3.00,,,4
DMC Size 5 Pearl Cotton Thread,dmc-size-5-pearl-cotton-thread,ACTIVE,Needlepoint Thread,,DMC|embroidery|needlepoint|pearl cotton|thread,898,Color,898,224,3.00,,,6
DMC Size 5 Pearl Cotton Thread,dmc-size-5-pearl-cotton-thread,ACTIVE,Needlepoint Thread,,DMC|embroidery|needlepoint|pearl cotton|thread,310,Color,310,225,3.00,,,6
Womens Fleece Crewneck - Sand Dune,womens-fleece-crewneck,ACTIVE,,Merch,,HEATHR SAND DUNE / S,MULTI,Color=HEATHR SAND DUNE|Size=S,19g649mlbpe0ul,45.00,,28.08,9999
Womens Fleece Crewneck - Sand Dune,womens-fleece-crewneck,ACTIVE,,Merch,,HEATHR SAND DUNE / M,MULTI,Color=HEATHR SAND DUNE|Size=M,19g649mlbpe0up,45.00,,28.08,9999
Womens Fleece Crewneck - Sand Dune,womens-fleece-crewneck,ACTIVE,,Merch,,HEATHR SAND DUNE / L,MULTI,Color=HEATHR SAND DUNE|Size=L,19g649mlbpe0ut,45.00,,28.08,9999
Womens Fleece Crewneck - Sand Dune,womens-fleece-crewneck,ACTIVE,,Merch,,HEATHR SAND DUNE / XL,MULTI,Color=HEATHR SAND DUNE|Size=XL,19g649mlbpe0ux,45.00,,28.08,11
Womens Fleece Crewneck - Sand Dune,womens-fleece-crewneck,ACTIVE,,Merch,,HEATHR SAND DUNE / 2XL,MULTI,Color=HEATHR SAND DUNE|Size=2XL,19g649mlbpe0v0,45.00,,29.08,9999
Womens Fleece Crewneck - Bone,women-fleece-crewneck,ACTIVE,,Merch,,Bone / S,MULTI,Color=Bone|Size=S,19g649mlbpg4kf,45.00,,25.35,9999
Womens Fleece Crewneck - Bone,women-fleece-crewneck,ACTIVE,,Merch,,Bone / M,MULTI,Color=Bone|Size=M,19g649mlbpg4kh,45.00,,25.35,9999
Womens Fleece Crewneck - Bone,women-fleece-crewneck,ACTIVE,,Merch,,Bone / L,MULTI,Color=Bone|Size=L,19g649mlbpg4kj,45.00,,25.35,9999
Womens Fleece Crewneck - Bone,women-fleece-crewneck,ACTIVE,,Merch,,Bone / XL,MULTI,Color=Bone|Size=XL,19g649mlbpg4kk,45.00,,25.35,9999
Womens Fleece Crewneck - Bone,women-fleece-crewneck,ACTIVE,,Merch,,Bone / 2XL,MULTI,Color=Bone|Size=2XL,19g649mlbpg4km,45.00,,26.35,9999
Embroidery Scissors,embroidery-scissors,DRAFT,,Accessories,,Pewter,Color,Pewter,,10.00,,,0
Embroidery Scissors,embroidery-scissors,DRAFT,,Accessories,,Copper,Color,Copper,,10.00,,,0
Seam Ripper,seam-ripper,ACTIVE,,Accessories,,Default Title,Title,Default Title,,3.00,,,68
Project Bag,project-bag,ACTIVE,,Accessories,,Red,Color,Red,,8.00,,,14
Project Bag,project-bag,ACTIVE,,Accessories,,Yellow,Color,Yellow,,8.00,,,36
Project Bag,project-bag,ACTIVE,,Accessories,,Blue,Color,Blue,,8.00,,,5
Project Bag,project-bag,ACTIVE,,Accessories,,Green,Color,Green,,8.00,,,11
Tapestry Needles,tapestry-needles,ACTIVE,,Accessories,,20,Needle size,20,,5.00,,,0
Tapestry Needles,tapestry-needles,ACTIVE,,Accessories,,22,Needle size,22,,5.00,,,0
Tapestry Needles,tapestry-needles,ACTIVE,,Accessories,,24,Needle size,24,,5.00,,,4
Needlework Finisher,needlework-finisher,DRAFT,,Accessories,,Default Title,Title,Default Title,,10.00,,,1
Whale Intro Kit,whale,ACTIVE,Needlepoint Canvas,Canvases|Intro,,Default Title,Title,Default Title,,35.00,,,-197
Shamrock Intro Kit,shamrock,ACTIVE,Needlepoint Canvas,Canvases|Intro|St. Paddy's Day,,Default Title,Title,Default Title,,35.00,,,-254
Heart Intro Kit,heart,ACTIVE,Needlepoint Canvas,Canvases|Intro,,Default Title,Title,Default Title,,35.00,,,-135
Horseshoe Intro Kit,horseshoe,ACTIVE,Needlepoint Canvas,Canvases|Intro,,Default Title,Title,Default Title,,35.00,,,-143
Mystery Misprint Bag,mystery-misprint-bag,ACTIVE,Needlepoint Canvas,Canvases,,Default Title,Title,Default Title,,50.00,,,-94
St. Paddy's Puppy (14),st-paddys-puppy,DRAFT,Needlepoint Canvas,Canvases|St. Paddy's Day,,No,Add kit +$15 (Threads/Needles),No,,45.00,,,-4
St. Paddy's Puppy (14),st-paddys-puppy,DRAFT,Needlepoint Canvas,Canvases|St. Paddy's Day,,Yes,Add kit +$15 (Threads/Needles),Yes,,60.00,,,-7
Shamrock Beer (14),shamrock-beer,DRAFT,Needlepoint Canvas,Canvases|St. Paddy's Day,,No,Add kit +$15 (Threads/Needles),No,,45.00,,,-6
Shamrock Beer (14),shamrock-beer,DRAFT,Needlepoint Canvas,Canvases|St. Paddy's Day,,Yes,Add kit +$15 (Threads/Needles),Yes,,60.00,,,-13
Lucky (14),lucky,DRAFT,Needlepoint Canvas,Canvases|St. Paddy's Day,,No,Add kit +$15 (Threads/Needles),No,,45.00,,,-2
Lucky (14),lucky,DRAFT,Needlepoint Canvas,Canvases|St. Paddy's Day,,Yes,Add kit +$15 (Threads/Needles),Yes,,60.00,,,-1
St Paddy's Matchbox (14),st-pattys-matchbox,DRAFT,Needlepoint Canvas,Canvases|St. Paddy's Day,,No,Add kit +$15 (Threads/Needles),No,,40.00,,,0
St Paddy's Matchbox (14),st-pattys-matchbox,DRAFT,Needlepoint Canvas,Canvases|St. Paddy's Day,,Yes,Add kit +$15 (Threads/Needles),Yes,,50.00,,,-3
Shamrock (14),shamrock-1,DRAFT,Needlepoint Canvas,Canvases|St. Paddy's Day,,No,Add kit +$15 (Threads/Needles),No,,45.00,,,-3
Shamrock (14),shamrock-1,DRAFT,Needlepoint Canvas,Canvases|St. Paddy's Day,,Yes,Add kit +$15 (Threads/Needles),Yes,,60.00,,,-37
Paw Print Intro Kit,paw-print-intro-kit,ACTIVE,Needlepoint Canvas,Canvases|Intro,,Default Title,Title,Default Title,,35.00,,,-39
Silver/Gold Embroidery Scissors,embroidery-scissors-1,ACTIVE,,Accessories,,Gold,Color,Gold,,8.00,,,326
Silver/Gold Embroidery Scissors,embroidery-scissors-1,ACTIVE,,Accessories,,Silver,Color,Silver,,8.00,,,40
Easter Basket (14),easter-basket,DRAFT,Needlepoint Canvas,Canvases,,No,Add kit +$15 (Threads/Needles),No,,45.00,,,0
Easter Basket (14),easter-basket,DRAFT,Needlepoint Canvas,Canvases,,Yes,Add kit +$15 (Threads/Needles),Yes,,60.00,,,-1
Easter Egg (14),easter-egg,DRAFT,Needlepoint Canvas,Canvases,,No,Add kit +$15 (Threads/Needles),No,,45.00,,,2
Easter Egg (14),easter-egg,DRAFT,Needlepoint Canvas,Canvases,,Yes,Add kit +$15 (Threads/Needles),Yes,,60.00,,,2
Matcha Needle Minder,matcha-needle-minder,ACTIVE,,Accessories|Needle Minders,,Default Title,Title,Default Title,,10.00,,,384
Avocado Needle Minder,avocado-needle-minder,ACTIVE,,Accessories|Needle Minders,,Default Title,Title,Default Title,,10.00,,,388
Balloon Dog Needle Minder,balloon-dog-needle-minder,ACTIVE,,Accessories|Needle Minders,,Default Title,Title,Default Title,,10.00,,,310
Pearl Shell Needle Minder,pearl-shell-needle-minder,ACTIVE,,Accessories|Needle Minders,,Default Title,Title,Default Title,,10.00,,,337
Hydrangea Needle Minder,hydrangea-needle-minder,ACTIVE,,Accessories|Needle Minders|Flowers,,Default Title,Title,Default Title,,10.00,,,238
Needlepoint Bear Needle Minder,needlepoint-bear-needle-minder,ACTIVE,,Accessories|Needle Minders,,Default Title,Title,Default Title,,10.00,,,365
Blank Canvas,blank-canvas,ACTIVE,Needlepoint Canvas,Canvases,,Default Title,Title,Default Title,,15.00,,,3
Crab,crab,ACTIVE,Needlepoint Canvas,Nautical|Canvases|18 Count Canvases,,No,Add kit +$15 (Threads/Needles),No,,45.00,,,-1
Crab,crab,ACTIVE,Needlepoint Canvas,Nautical|Canvases|18 Count Canvases,,Yes,Add kit +$15 (Threads/Needles),Yes,,60.00,,,-4
Hydrangea,hydrangeas,ACTIVE,Needlepoint Canvas,Canvases|18 Count Canvases|Flowers|Best Sellers,,No,Add kit +$15 (Threads/Needles),No,,50.00,,,-15
Hydrangea,hydrangeas,ACTIVE,Needlepoint Canvas,Canvases|18 Count Canvases|Flowers|Best Sellers,,Yes,Add kit +$15 (Threads/Needles),Yes,,65.00,,,0
Tulips,tulips,ACTIVE,Needlepoint Canvas,Canvases|18 Count Canvases|Flowers,,No,Add kit +$15 (Threads/Needles),No,,45.00,,,0
Tulips,tulips,ACTIVE,Needlepoint Canvas,Canvases|18 Count Canvases|Flowers,,Yes,Add kit +$15 (Threads/Needles),Yes,,60.00,,,-2
World Cup Ball,world-cup-trophy,DRAFT,Needlepoint Canvas,Canvases|18 Count Canvases,,No,Add kit +$15 (Threads/Needles),No,,45.00,,,-18
World Cup Ball,world-cup-trophy,DRAFT,Needlepoint Canvas,Canvases|18 Count Canvases,,Yes,Add kit +$15 (Threads/Needles),Yes,,60.00,,,-40
Watermelon,watermelon,ACTIVE,Needlepoint Canvas,Canvases|Fruit|18 Count Canvases,,No,Add kit +$10 (Threads/Needles),No,,40.00,,,0
Watermelon,watermelon,ACTIVE,Needlepoint Canvas,Canvases|Fruit|18 Count Canvases,,Yes,Add kit +$10 (Threads/Needles),Yes,,50.00,,,-7
Citgo Sign,citgo-sign,DRAFT,Needlepoint Canvas,Boston|Canvases|18 Count Canvases,Boston|Street Signs,No,Add kit +$15 (Threads/Needles),No,,45.00,,,-6
Citgo Sign,citgo-sign,DRAFT,Needlepoint Canvas,Boston|Canvases|18 Count Canvases,Boston|Street Signs,Yes,Add kit +$15 (Threads/Needles),Yes,,60.00,,,-34
Southie Sign,southie-sign,ACTIVE,Needlepoint Canvas,Boston|Canvases|18 Count Canvases,Boston|Street Signs,No,Add kit +$15 (Threads/Needles),No,,45.00,,,-6
Southie Sign,southie-sign,ACTIVE,Needlepoint Canvas,Boston|Canvases|18 Count Canvases,Boston|Street Signs,Yes,Add kit +$15 (Threads/Needles),Yes,,60.00,,,-15
Fenway Frank,fenway-frank,ACTIVE,Needlepoint Canvas,Boston|New England Sports|Canvases|18 Count Canvases|Best Sellers,Boston|Street Signs,No,Add kit +$15 (Threads/Needles),No,,45.00,,,-22
Fenway Frank,fenway-frank,ACTIVE,Needlepoint Canvas,Boston|New England Sports|Canvases|18 Count Canvases|Best Sellers,Boston|Street Signs,Yes,Add kit +$15 (Threads/Needles),Yes,,60.00,,,-55
Raincoat Pup,raincoat-pup,DRAFT,Needlepoint Canvas,Canvases|Playful Pups|18 Count Canvases,,No,Add kit +$15 (Threads/Needles),No,,45.00,,,0
Raincoat Pup,raincoat-pup,DRAFT,Needlepoint Canvas,Canvases|Playful Pups|18 Count Canvases,,Yes,Add kit +$15 (Threads/Needles),Yes,,60.00,,,0
Boston Terrier,boston-terrier,ACTIVE,Needlepoint Canvas,Boston|New England Sports|Canvases|Playful Pups|18 Count Canvases,,No,Add kit +$10 (Threads/Needles),No,,40.00,,,-5
Boston Terrier,boston-terrier,ACTIVE,Needlepoint Canvas,Boston|New England Sports|Canvases|Playful Pups|18 Count Canvases,,Yes,Add kit +$10 (Threads/Needles),Yes,,50.00,,,-10
French Bulldog,farmers-market-pup,DRAFT,Needlepoint Canvas,Canvases|Playful Pups|18 Count Canvases,,No,Add kit +$15 (Threads/Needles),No,,45.00,,,0
French Bulldog,farmers-market-pup,DRAFT,Needlepoint Canvas,Canvases|Playful Pups|18 Count Canvases,,Yes,Add kit +$15 (Threads/Needles),Yes,,60.00,,,0
Cowboy Pup,cowboy-pup,DRAFT,Needlepoint Canvas,Canvases|Playful Pups|18 Count Canvases,,No,Add kit +$15 (Threads/Needles),No,,45.00,,,0
Cowboy Pup,cowboy-pup,DRAFT,Needlepoint Canvas,Canvases|Playful Pups|18 Count Canvases,,Yes,Add kit +$15 (Threads/Needles),Yes,,60.00,,,0
Farmers Market Pup,farmers-market-pup-1,DRAFT,Needlepoint Canvas,Canvases|Playful Pups|18 Count Canvases,,No,Add kit +$15 (Threads/Needles),No,,45.00,,,0
Farmers Market Pup,farmers-market-pup-1,DRAFT,Needlepoint Canvas,Canvases|Playful Pups|18 Count Canvases,,Yes,Add kit +$15 (Threads/Needles),Yes,,60.00,,,0
Corgi,corgi,DRAFT,Needlepoint Canvas,Canvases|Playful Pups|18 Count Canvases,,No,Add kit +$15 (Threads/Needles),No,,45.00,,,0
Corgi,corgi,DRAFT,Needlepoint Canvas,Canvases|Playful Pups|18 Count Canvases,,Yes,Add kit +$15 (Threads/Needles),Yes,,60.00,,,0
Seashell,seashell-18-mesh,ACTIVE,Needlepoint Canvas,Nautical|Canvases|18 Count Canvases,,No,Add kit +$15 (Threads/Needles),No,,45.00,,,-4
Seashell,seashell-18-mesh,ACTIVE,Needlepoint Canvas,Nautical|Canvases|18 Count Canvases,,Yes,Add kit +$15 (Threads/Needles),Yes,,60.00,,,-4
Shamrock,shamrock-18-mesh,ACTIVE,Needlepoint Canvas,Canvases|St. Paddy's Day|18 Count Canvases,,No,Add kit +$15 (Threads/Needles),No,,45.00,,,-7
Shamrock,shamrock-18-mesh,ACTIVE,Needlepoint Canvas,Canvases|St. Paddy's Day|18 Count Canvases,,Yes,Add kit +$15 (Threads/Needles),Yes,,60.00,,,-16
Lucky,lucky-18-mesh,ACTIVE,Needlepoint Canvas,Canvases|St. Paddy's Day|18 Count Canvases,,No,Add kit +$15 (Threads/Needles),No,,45.00,,,0
Lucky,lucky-18-mesh,ACTIVE,Needlepoint Canvas,Canvases|St. Paddy's Day|18 Count Canvases,,Yes,Add kit +$15 (Threads/Needles),Yes,,60.00,,,-2
Heart Matchbox,heart-matchbox-18-mesh,ACTIVE,Needlepoint Canvas,Galentine's Day|Canvases|18 Count Canvases,,No,Add kit +$10 (Threads/Needles),No,,40.00,,,-3
Heart Matchbox,heart-matchbox-18-mesh,ACTIVE,Needlepoint Canvas,Galentine's Day|Canvases|18 Count Canvases,,Yes,Add kit +$10 (Threads/Needles),Yes,,50.00,,,-5
Pats Matchbox,pats-matchbox-18-mesh,ACTIVE,Needlepoint Canvas,New England Sports|Canvases|18 Count Canvases,,No,Add kit +$10 (Threads/Needles),No,,40.00,,,-1
Pats Matchbox,pats-matchbox-18-mesh,ACTIVE,Needlepoint Canvas,New England Sports|Canvases|18 Count Canvases,,Yes,Add kit +$10 (Threads/Needles),Yes,,50.00,,,-3
Anchor,anchor-18-mesh,ACTIVE,Needlepoint Canvas,Nautical|Canvases|18 Count Canvases,,No,Add kit +$15 (Threads/Needles),No,,45.00,,,-5
Anchor,anchor-18-mesh,ACTIVE,Needlepoint Canvas,Nautical|Canvases|18 Count Canvases,,Yes,Add kit +$15 (Threads/Needles),Yes,,60.00,,,-19
Boston Marathon Bib,boston-marathon-bib-18-mesh,ACTIVE,Needlepoint Canvas,Boston|Canvases|18 Count Canvases,Boston,No,Add kit +$15 (Threads/Needles),No,,45.00,,,-4
Boston Marathon Bib,boston-marathon-bib-18-mesh,ACTIVE,Needlepoint Canvas,Boston|Canvases|18 Count Canvases,Boston,Yes,Add kit +$15 (Threads/Needles),Yes,,60.00,,,-11
Patriot Pl Street Sign,patriot-pl-street-sign-18-mesh,ACTIVE,Needlepoint Canvas,Boston|New England Sports|Canvases|18 Count Canvases,Boston,No,Add kit +$15 (Threads/Needles),No,,45.00,,,-1
Patriot Pl Street Sign,patriot-pl-street-sign-18-mesh,ACTIVE,Needlepoint Canvas,Boston|New England Sports|Canvases|18 Count Canvases,Boston,Yes,Add kit +$15 (Threads/Needles),Yes,,60.00,,,-4
Pats #10 Jersey,pats-10-jersey-18-mesh,ACTIVE,Needlepoint Canvas,New England Sports|Canvases|18 Count Canvases,,No,Add kit +$10 (Threads/Needles),No,,40.00,,,-1
Pats #10 Jersey,pats-10-jersey-18-mesh,ACTIVE,Needlepoint Canvas,New England Sports|Canvases|18 Count Canvases,,Yes,Add kit +$10 (Threads/Needles),Yes,,50.00,,,-2
Lighthouse,lighthouse-18-mesh,ACTIVE,Needlepoint Canvas,Nautical|Canvases|18 Count Canvases,,No,Add kit +$15 (Threads/Needles),No,,50.00,,,-3
Lighthouse,lighthouse-18-mesh,ACTIVE,Needlepoint Canvas,Nautical|Canvases|18 Count Canvases,,Yes,Add kit +$15 (Threads/Needles),Yes,,65.00,,,-10
New England vs Everyone,new-england-vs-everyone-18-mesh,ACTIVE,Needlepoint Canvas,New England Sports|Canvases|18 Count Canvases,,No,Add kit +$15 (Threads/Needles),No,,45.00,,,-5
New England vs Everyone,new-england-vs-everyone-18-mesh,ACTIVE,Needlepoint Canvas,New England Sports|Canvases|18 Count Canvases,,Yes,Add kit +$15 (Threads/Needles),Yes,,60.00,,,-8
Newbury Street Sign,newbury-street-sign-18-mesh,ACTIVE,Needlepoint Canvas,Boston|Canvases|18 Count Canvases,Boston|Street Signs,No,Add kit +$15 (Threads/Needles),No,,45.00,,,-8
Newbury Street Sign,newbury-street-sign-18-mesh,ACTIVE,Needlepoint Canvas,Boston|Canvases|18 Count Canvases,Boston|Street Signs,Yes,Add kit +$15 (Threads/Needles),Yes,,60.00,,,-6
Lobster,lobster-18-mesh,ACTIVE,Needlepoint Canvas,Nautical|Canvases|18 Count Canvases|Best Sellers,,No,Add kit +$15 (Threads/Needles),No,,45.00,,,-10
Lobster,lobster-18-mesh,ACTIVE,Needlepoint Canvas,Nautical|Canvases|18 Count Canvases|Best Sellers,,Yes,Add kit +$15 (Threads/Needles),Yes,,60.00,,,-31
Cosmopolitan,cosmopolitan-18-mesh,ACTIVE,Needlepoint Canvas,Cocktails|Canvases|18 Count Canvases|Best Sellers,,No,Add kit +$15 (Threads/Needles),No,,45.00,,,-2
Cosmopolitan,cosmopolitan-18-mesh,ACTIVE,Needlepoint Canvas,Cocktails|Canvases|18 Count Canvases|Best Sellers,,Yes,Add kit +$15 (Threads/Needles),Yes,,60.00,,,-6
Espresso Martini,espresso-martini-18-mesh,ACTIVE,Needlepoint Canvas,Cocktails|Canvases|18 Count Canvases,,No,Add kit +$15 (Threads/Needles),No,,45.00,,,-3
Espresso Martini,espresso-martini-18-mesh,ACTIVE,Needlepoint Canvas,Cocktails|Canvases|18 Count Canvases,,Yes,Add kit +$15 (Threads/Needles),Yes,,60.00,,,-14
Martini,martini-18-mesh,ACTIVE,Needlepoint Canvas,Cocktails|Canvases|18 Count Canvases,,No,Add kit +$15 (Threads/Needles),No,,45.00,,,-2
Martini,martini-18-mesh,ACTIVE,Needlepoint Canvas,Cocktails|Canvases|18 Count Canvases,,Yes,Add kit +$15 (Threads/Needles),Yes,,60.00,,,-8
Aperol Spritz,aperol-spritz-18-mesh,ACTIVE,Needlepoint Canvas,Cocktails|Canvases|18 Count Canvases|Best Sellers,,No,Add kit +$15 (Threads/Needles),No,,45.00,,,95
Aperol Spritz,aperol-spritz-18-mesh,ACTIVE,Needlepoint Canvas,Cocktails|Canvases|18 Count Canvases|Best Sellers,,Yes,Add kit +$15 (Threads/Needles),Yes,,60.00,,,-16
Comm Ave Street Sign,comm-ave-street-sign-18-mesh,ACTIVE,Needlepoint Canvas,Boston|Canvases|18 Count Canvases,Boston,No,Add kit +$15 (Threads/Needles),No,,45.00,,,-1
Comm Ave Street Sign,comm-ave-street-sign-18-mesh,ACTIVE,Needlepoint Canvas,Boston|Canvases|18 Count Canvases,Boston,Yes,Add kit +$15 (Threads/Needles),Yes,,60.00,,,-4
Green Shamrock Hoodie,green-shamrock-hoodie-18-mesh,ACTIVE,Needlepoint Canvas,Boston|Canvases|St. Paddy's Day|18 Count Canvases,Boston,No,Add kit +$15 (Threads/Needles),No,,45.00,,,-3
Green Shamrock Hoodie,green-shamrock-hoodie-18-mesh,ACTIVE,Needlepoint Canvas,Boston|Canvases|St. Paddy's Day|18 Count Canvases,Boston,Yes,Add kit +$15 (Threads/Needles),Yes,,60.00,,,-1
Black & Gold Hockey Jersey,black-gold-hockey-jersey-18-mesh,ACTIVE,Needlepoint Canvas,Boston|Canvases|18 Count Canvases,,No,Add kit +$15 (Threads/Needles),No,,45.00,,,0
Black & Gold Hockey Jersey,black-gold-hockey-jersey-18-mesh,ACTIVE,Needlepoint Canvas,Boston|Canvases|18 Count Canvases,,Yes,Add kit +$15 (Threads/Needles),Yes,,60.00,,,-1
Shamrock Beer,shamrock-beer-18-mesh,ACTIVE,Needlepoint Canvas,Cocktails|Canvases|St. Paddy's Day|18 Count Canvases,,No,Add kit +$15 (Threads/Needles),No,,45.00,,,-5
Shamrock Beer,shamrock-beer-18-mesh,ACTIVE,Needlepoint Canvas,Cocktails|Canvases|St. Paddy's Day|18 Count Canvases,,Yes,Add kit +$15 (Threads/Needles),Yes,,60.00,,,-11
The Essentials Bundle,new-to-needlepoint-bundle,ACTIVE,,Accessories,,Gold / Red / Hydrangea,MULTI,Silver/Gold Embroidery Scissors (Color)=Gold|Project Bag (Color)=Red|Needleminder (Design)=Hydrangea,,20.00,29.00,,14
The Essentials Bundle,new-to-needlepoint-bundle,ACTIVE,,Accessories,,Gold / Red / Balloon Dog,MULTI,Silver/Gold Embroidery Scissors (Color)=Gold|Project Bag (Color)=Red|Needleminder (Design)=Balloon Dog,,20.00,29.00,,14
The Essentials Bundle,new-to-needlepoint-bundle,ACTIVE,,Accessories,,Gold / Red / Matcha,MULTI,Silver/Gold Embroidery Scissors (Color)=Gold|Project Bag (Color)=Red|Needleminder (Design)=Matcha,,20.00,29.00,,14
The Essentials Bundle,new-to-needlepoint-bundle,ACTIVE,,Accessories,,Gold / Red / Needlepoint Bear,MULTI,Silver/Gold Embroidery Scissors (Color)=Gold|Project Bag (Color)=Red|Needleminder (Design)=Needlepoint Bear,,20.00,29.00,,14
The Essentials Bundle,new-to-needlepoint-bundle,ACTIVE,,Accessories,,Gold / Red / Pearl Shell,MULTI,Silver/Gold Embroidery Scissors (Color)=Gold|Project Bag (Color)=Red|Needleminder (Design)=Pearl Shell,,20.00,29.00,,14
The Essentials Bundle,new-to-needlepoint-bundle,ACTIVE,,Accessories,,Gold / Red / Avocado,MULTI,Silver/Gold Embroidery Scissors (Color)=Gold|Project Bag (Color)=Red|Needleminder (Design)=Avocado,,20.00,29.00,,14
The Essentials Bundle,new-to-needlepoint-bundle,ACTIVE,,Accessories,,Gold / Yellow / Hydrangea,MULTI,Silver/Gold Embroidery Scissors (Color)=Gold|Project Bag (Color)=Yellow|Needleminder (Design)=Hydrangea,,20.00,29.00,,36
The Essentials Bundle,new-to-needlepoint-bundle,ACTIVE,,Accessories,,Gold / Yellow / Balloon Dog,MULTI,Silver/Gold Embroidery Scissors (Color)=Gold|Project Bag (Color)=Yellow|Needleminder (Design)=Balloon Dog,,20.00,29.00,,36
The Essentials Bundle,new-to-needlepoint-bundle,ACTIVE,,Accessories,,Gold / Yellow / Matcha,MULTI,Silver/Gold Embroidery Scissors (Color)=Gold|Project Bag (Color)=Yellow|Needleminder (Design)=Matcha,,20.00,29.00,,36
The Essentials Bundle,new-to-needlepoint-bundle,ACTIVE,,Accessories,,Gold / Yellow / Needlepoint Bear,MULTI,Silver/Gold Embroidery Scissors (Color)=Gold|Project Bag (Color)=Yellow|Needleminder (Design)=Needlepoint Bear,,20.00,29.00,,36
The Essentials Bundle,new-to-needlepoint-bundle,ACTIVE,,Accessories,,Gold / Yellow / Pearl Shell,MULTI,Silver/Gold Embroidery Scissors (Color)=Gold|Project Bag (Color)=Yellow|Needleminder (Design)=Pearl Shell,,20.00,29.00,,36
The Essentials Bundle,new-to-needlepoint-bundle,ACTIVE,,Accessories,,Gold / Yellow / Avocado,MULTI,Silver/Gold Embroidery Scissors (Color)=Gold|Project Bag (Color)=Yellow|Needleminder (Design)=Avocado,,20.00,29.00,,36
The Essentials Bundle,new-to-needlepoint-bundle,ACTIVE,,Accessories,,Gold / Blue / Hydrangea,MULTI,Silver/Gold Embroidery Scissors (Color)=Gold|Project Bag (Color)=Blue|Needleminder (Design)=Hydrangea,,20.00,29.00,,5
The Essentials Bundle,new-to-needlepoint-bundle,ACTIVE,,Accessories,,Gold / Blue / Balloon Dog,MULTI,Silver/Gold Embroidery Scissors (Color)=Gold|Project Bag (Color)=Blue|Needleminder (Design)=Balloon Dog,,20.00,29.00,,5
The Essentials Bundle,new-to-needlepoint-bundle,ACTIVE,,Accessories,,Gold / Blue / Matcha,MULTI,Silver/Gold Embroidery Scissors (Color)=Gold|Project Bag (Color)=Blue|Needleminder (Design)=Matcha,,20.00,29.00,,5
The Essentials Bundle,new-to-needlepoint-bundle,ACTIVE,,Accessories,,Gold / Blue / Needlepoint Bear,MULTI,Silver/Gold Embroidery Scissors (Color)=Gold|Project Bag (Color)=Blue|Needleminder (Design)=Needlepoint Bear,,20.00,29.00,,5
The Essentials Bundle,new-to-needlepoint-bundle,ACTIVE,,Accessories,,Gold / Blue / Pearl Shell,MULTI,Silver/Gold Embroidery Scissors (Color)=Gold|Project Bag (Color)=Blue|Needleminder (Design)=Pearl Shell,,20.00,29.00,,5
The Essentials Bundle,new-to-needlepoint-bundle,ACTIVE,,Accessories,,Gold / Blue / Avocado,MULTI,Silver/Gold Embroidery Scissors (Color)=Gold|Project Bag (Color)=Blue|Needleminder (Design)=Avocado,,20.00,29.00,,5
The Essentials Bundle,new-to-needlepoint-bundle,ACTIVE,,Accessories,,Gold / Green / Hydrangea,MULTI,Silver/Gold Embroidery Scissors (Color)=Gold|Project Bag (Color)=Green|Needleminder (Design)=Hydrangea,,20.00,29.00,,11
The Essentials Bundle,new-to-needlepoint-bundle,ACTIVE,,Accessories,,Gold / Green / Balloon Dog,MULTI,Silver/Gold Embroidery Scissors (Color)=Gold|Project Bag (Color)=Green|Needleminder (Design)=Balloon Dog,,20.00,29.00,,11
The Essentials Bundle,new-to-needlepoint-bundle,ACTIVE,,Accessories,,Gold / Green / Matcha,MULTI,Silver/Gold Embroidery Scissors (Color)=Gold|Project Bag (Color)=Green|Needleminder (Design)=Matcha,,20.00,29.00,,11
The Essentials Bundle,new-to-needlepoint-bundle,ACTIVE,,Accessories,,Gold / Green / Needlepoint Bear,MULTI,Silver/Gold Embroidery Scissors (Color)=Gold|Project Bag (Color)=Green|Needleminder (Design)=Needlepoint Bear,,20.00,29.00,,11
The Essentials Bundle,new-to-needlepoint-bundle,ACTIVE,,Accessories,,Gold / Green / Pearl Shell,MULTI,Silver/Gold Embroidery Scissors (Color)=Gold|Project Bag (Color)=Green|Needleminder (Design)=Pearl Shell,,20.00,29.00,,11
The Essentials Bundle,new-to-needlepoint-bundle,ACTIVE,,Accessories,,Gold / Green / Avocado,MULTI,Silver/Gold Embroidery Scissors (Color)=Gold|Project Bag (Color)=Green|Needleminder (Design)=Avocado,,20.00,29.00,,11
The Essentials Bundle,new-to-needlepoint-bundle,ACTIVE,,Accessories,,Silver / Red / Hydrangea,MULTI,Silver/Gold Embroidery Scissors (Color)=Silver|Project Bag (Color)=Red|Needleminder (Design)=Hydrangea,,20.00,29.00,,14
The Essentials Bundle,new-to-needlepoint-bundle,ACTIVE,,Accessories,,Silver / Red / Balloon Dog,MULTI,Silver/Gold Embroidery Scissors (Color)=Silver|Project Bag (Color)=Red|Needleminder (Design)=Balloon Dog,,20.00,29.00,,14
The Essentials Bundle,new-to-needlepoint-bundle,ACTIVE,,Accessories,,Silver / Red / Matcha,MULTI,Silver/Gold Embroidery Scissors (Color)=Silver|Project Bag (Color)=Red|Needleminder (Design)=Matcha,,20.00,29.00,,14
The Essentials Bundle,new-to-needlepoint-bundle,ACTIVE,,Accessories,,Silver / Red / Needlepoint Bear,MULTI,Silver/Gold Embroidery Scissors (Color)=Silver|Project Bag (Color)=Red|Needleminder (Design)=Needlepoint Bear,,20.00,29.00,,14
The Essentials Bundle,new-to-needlepoint-bundle,ACTIVE,,Accessories,,Silver / Red / Pearl Shell,MULTI,Silver/Gold Embroidery Scissors (Color)=Silver|Project Bag (Color)=Red|Needleminder (Design)=Pearl Shell,,20.00,29.00,,14
The Essentials Bundle,new-to-needlepoint-bundle,ACTIVE,,Accessories,,Silver / Red / Avocado,MULTI,Silver/Gold Embroidery Scissors (Color)=Silver|Project Bag (Color)=Red|Needleminder (Design)=Avocado,,20.00,29.00,,14
The Essentials Bundle,new-to-needlepoint-bundle,ACTIVE,,Accessories,,Silver / Yellow / Hydrangea,MULTI,Silver/Gold Embroidery Scissors (Color)=Silver|Project Bag (Color)=Yellow|Needleminder (Design)=Hydrangea,,20.00,29.00,,36
The Essentials Bundle,new-to-needlepoint-bundle,ACTIVE,,Accessories,,Silver / Yellow / Balloon Dog,MULTI,Silver/Gold Embroidery Scissors (Color)=Silver|Project Bag (Color)=Yellow|Needleminder (Design)=Balloon Dog,,20.00,29.00,,36
The Essentials Bundle,new-to-needlepoint-bundle,ACTIVE,,Accessories,,Silver / Yellow / Matcha,MULTI,Silver/Gold Embroidery Scissors (Color)=Silver|Project Bag (Color)=Yellow|Needleminder (Design)=Matcha,,20.00,29.00,,36
The Essentials Bundle,new-to-needlepoint-bundle,ACTIVE,,Accessories,,Silver / Yellow / Needlepoint Bear,MULTI,Silver/Gold Embroidery Scissors (Color)=Silver|Project Bag (Color)=Yellow|Needleminder (Design)=Needlepoint Bear,,20.00,29.00,,36
The Essentials Bundle,new-to-needlepoint-bundle,ACTIVE,,Accessories,,Silver / Yellow / Pearl Shell,MULTI,Silver/Gold Embroidery Scissors (Color)=Silver|Project Bag (Color)=Yellow|Needleminder (Design)=Pearl Shell,,20.00,29.00,,36
The Essentials Bundle,new-to-needlepoint-bundle,ACTIVE,,Accessories,,Silver / Yellow / Avocado,MULTI,Silver/Gold Embroidery Scissors (Color)=Silver|Project Bag (Color)=Yellow|Needleminder (Design)=Avocado,,20.00,29.00,,36
The Essentials Bundle,new-to-needlepoint-bundle,ACTIVE,,Accessories,,Silver / Blue / Hydrangea,MULTI,Silver/Gold Embroidery Scissors (Color)=Silver|Project Bag (Color)=Blue|Needleminder (Design)=Hydrangea,,20.00,29.00,,5
The Essentials Bundle,new-to-needlepoint-bundle,ACTIVE,,Accessories,,Silver / Blue / Balloon Dog,MULTI,Silver/Gold Embroidery Scissors (Color)=Silver|Project Bag (Color)=Blue|Needleminder (Design)=Balloon Dog,,20.00,29.00,,5
The Essentials Bundle,new-to-needlepoint-bundle,ACTIVE,,Accessories,,Silver / Blue / Matcha,MULTI,Silver/Gold Embroidery Scissors (Color)=Silver|Project Bag (Color)=Blue|Needleminder (Design)=Matcha,,20.00,29.00,,5
The Essentials Bundle,new-to-needlepoint-bundle,ACTIVE,,Accessories,,Silver / Blue / Needlepoint Bear,MULTI,Silver/Gold Embroidery Scissors (Color)=Silver|Project Bag (Color)=Blue|Needleminder (Design)=Needlepoint Bear,,20.00,29.00,,5
The Essentials Bundle,new-to-needlepoint-bundle,ACTIVE,,Accessories,,Silver / Blue / Pearl Shell,MULTI,Silver/Gold Embroidery Scissors (Color)=Silver|Project Bag (Color)=Blue|Needleminder (Design)=Pearl Shell,,20.00,29.00,,5
The Essentials Bundle,new-to-needlepoint-bundle,ACTIVE,,Accessories,,Silver / Blue / Avocado,MULTI,Silver/Gold Embroidery Scissors (Color)=Silver|Project Bag (Color)=Blue|Needleminder (Design)=Avocado,,20.00,29.00,,5
The Essentials Bundle,new-to-needlepoint-bundle,ACTIVE,,Accessories,,Silver / Green / Hydrangea,MULTI,Silver/Gold Embroidery Scissors (Color)=Silver|Project Bag (Color)=Green|Needleminder (Design)=Hydrangea,,20.00,29.00,,11
The Essentials Bundle,new-to-needlepoint-bundle,ACTIVE,,Accessories,,Silver / Green / Balloon Dog,MULTI,Silver/Gold Embroidery Scissors (Color)=Silver|Project Bag (Color)=Green|Needleminder (Design)=Balloon Dog,,20.00,29.00,,11
The Essentials Bundle,new-to-needlepoint-bundle,ACTIVE,,Accessories,,Silver / Green / Matcha,MULTI,Silver/Gold Embroidery Scissors (Color)=Silver|Project Bag (Color)=Green|Needleminder (Design)=Matcha,,20.00,29.00,,11
The Essentials Bundle,new-to-needlepoint-bundle,ACTIVE,,Accessories,,Silver / Green / Needlepoint Bear,MULTI,Silver/Gold Embroidery Scissors (Color)=Silver|Project Bag (Color)=Green|Needleminder (Design)=Needlepoint Bear,,20.00,29.00,,11
The Essentials Bundle,new-to-needlepoint-bundle,ACTIVE,,Accessories,,Silver / Green / Pearl Shell,MULTI,Silver/Gold Embroidery Scissors (Color)=Silver|Project Bag (Color)=Green|Needleminder (Design)=Pearl Shell,,20.00,29.00,,11
The Essentials Bundle,new-to-needlepoint-bundle,ACTIVE,,Accessories,,Silver / Green / Avocado,MULTI,Silver/Gold Embroidery Scissors (Color)=Silver|Project Bag (Color)=Green|Needleminder (Design)=Avocado,,20.00,29.00,,11
Needle Minder,needleminder,DRAFT,,Needle Minders,,Hydrangea,Design,Hydrangea,,10.00,,,-6
Needle Minder,needleminder,DRAFT,,Needle Minders,,Balloon Dog,Design,Balloon Dog,,10.00,,,-1
Needle Minder,needleminder,DRAFT,,Needle Minders,,Matcha,Design,Matcha,,10.00,,,-1
Needle Minder,needleminder,DRAFT,,Needle Minders,,Needlepoint Bear,Design,Needlepoint Bear,,10.00,,,-1
Needle Minder,needleminder,DRAFT,,Needle Minders,,Pearl Shell,Design,Pearl Shell,,10.00,,,-1
Needle Minder,needleminder,DRAFT,,Needle Minders,,Avocado,Design,Avocado,,10.00,,,0
